<?xml version="1.0" encoding="UTF-8"?>
<beans xmlns="http://www.springframework.org/schema/beans"
       xmlns:xsi="http://www.w3.org/2001/XMLSchema-instance"
       xmlns:tx="http://www.springframework.org/schema/tx"
       xmlns:context="http://www.springframework.org/schema/context"
       xsi:schemaLocation="
           http://www.springframework.org/schema/beans http://www.springframework.org/schema/beans/spring-beans.xsd
           http://www.springframework.org/schema/context http://www.springframework.org/schema/context/spring-context.xsd
           http://www.springframework.org/schema/tx http://www.springframework.org/schema/tx/spring-tx.xsd">

    <!-- DAO Layer -->
    <bean id="dao" class="com.example.tp.DAO.BanqueDAOImpl" />

    <!-- Metier Layer -->
    <bean id="metier" class="com.example.tp.DAO.BanqueMetierImpl">
        <property name="dao" ref="dao"/>
    </bean>

    <!-- MySQL DataSource -->
    <bean id="dataSource"
          class="org.springframework.jdbc.datasource.DriverManagerDataSource">
        <property name="driverClassName" value="com.mysql.cj.jdbc.Driver"/>
        <property name="url" value="jdbc:mysql://localhost:3306/gestion_banque"/>
        <property name="username" value="root"/>
        <property name="password" value=""/>
    </bean>

    <!-- JPA Persistence Configuration -->
    <bean id="persistenceUnitManager"
          class="org.springframework.orm.jpa.persistenceunit.DefaultPersistenceUnitManager">
        <property name="persistenceXmlLocations">
            <list>
                <value>classpath:META-INF/persistence.xml</value>
            </list>
        </property>
        <property name="defaultDataSource" ref="dataSource"/>
    </bean>

    <bean id="entityManagerFactory"
          class="org.springframework.orm.jpa.LocalContainerEntityManagerFactoryBean">
        <property name="persistenceUnitManager" ref="persistenceUnitManager"/>
        <property name="persistenceUnitName" value="GESTION_BANQUE"/>
    </bean>

    <!-- Transaction Manager -->
    <bean id="transactionManager"
          class="org.springframework.orm.jpa.JpaTransactionManager">
        <property name="entityManagerFactory" ref="entityManagerFactory"/>
    </bean>

    <tx:annotation-driven transaction-manager="transactionManager"/>
    <context:annotation-config/>

</beans>
